Airshow Seppe,Airshow Seppe,Reportage Marbles Daan Roosegaarde Almere,Reportage Marbles Daan Roosegaarde Almere,Kerstmis paasfeest chocola paasei beeld geluid,Kerstmis paasfeest chocola paasei beeld geluid,Imitat Charlie Chaplin,Imitat Charlie Chaplin,Slipjacht hond paard vos,Slipjacht hond paard vos,Monkey eat wheat cute,Monkey eat wheat cute,Chief police class insepction; -vehicle,Chief police class insepction; -vehicle,Februaristaking Amsterdam,Februaristaking Amsterdam,Alleycat bike race Amsterdam,Alleycat bike race Amsterdam,Arabian gun twirler,Arabian gun twirler
Airshow Seppe,Airshow Seppe,Reportage Roosegaarde MARBLES : Ontmoetingsplek van de 21e eeuw,Reportage Roosegaarde MARBLES : Ontmoetingsplek van de 21e eeuw,Waar Kerst- en Paastijd samenvallen (1957),Waar Kerst- en Paastijd samenvallen (1957),Guy Imitating Charlie Chaplin,Guy Imitating Charlie Chaplin,Sint Hubertusjacht slipjacht 2011,Sint Hubertusjacht slipjacht 2011,Eating a Long Whole Wheat Breadstick.,Eating a Long Whole Wheat Breadstick.,Gloucester Township Police- Inspection of CCPA Recruit Class #57 4-6-2011,Gloucester Township Police- Inspection of CCPA Recruit Class #57 4-6-2011,EN TOEN: Februari-staking Amsterdam 1941,EN TOEN: Februari-staking Amsterdam 1941,My first Alleycat race (Amsterdam),My first Alleycat race (Amsterdam),Arabian Gun Twirler 1899,Arabian Gun Twirler 1899
Airshow Seppe een blijvertje?,Airshow Seppe een blijvertje?,,,Er komen weer chocolade paaseieren ... op de bon (1946),Er komen weer chocolade paaseieren ... op de bon (1946),Chaplin Imitation,Chaplin Imitation,1974 St. Hubertusjacht Havelte,1974 St. Hubertusjacht Havelte,Beautiful view of the monkeys eat bread parti 2,Beautiful view of the monkeys eat bread parti 2,171st Recruit Class Inspection,171st Recruit Class Inspection,Herdenking februari staking Amsterdam - 2008,Herdenking februari staking Amsterdam - 2008,team alleycat Amsterdam,team alleycat Amsterdam,Arabian Gun Twirler - 1899,Arabian Gun Twirler - 1899
Vliegveld Seppe bestaat 60 jaar: dit weekend airshow Seppe,Vliegveld Seppe bestaat 60 jaar: dit weekend airshow Seppe,,,Eieren voor Pasen (1947),Eieren voor Pasen (1947),My father Peter Iannaccone doing an imitation of Charlie Chaplin,My father Peter Iannaccone doing an imitation of Charlie Chaplin,Vechtdal Slipjacht doet buitengebied Dedemsvaart aan.,Vechtdal Slipjacht doet buitengebied Dedemsvaart aan.,Tamworth Pigs Eating - Chomp Chomp,Tamworth Pigs Eating - Chomp Chomp,2011 May HPD Class Inspection,2011 May HPD Class Inspection,Gusta Olivier Vonk.Februaristaking,Gusta Olivier Vonk.Februaristaking,Reno Rampage Alleycat Race 2011,Reno Rampage Alleycat Race 2011,Arabian Gun Twirler-1900/Arabic Cylinder-1900,Arabian Gun Twirler-1900/Arabic Cylinder-1900
airshow Seppe de absolute top,airshow Seppe de absolute top,,,Pasen: het seizoen voor chocola,Pasen: het seizoen voor chocola,Bushra Ansari Charlie Chaplin Naqal/Imitation,Bushra Ansari Charlie Chaplin Naqal/Imitation,Slipjacht Dwingeloo 26-02-11,Slipjacht Dwingeloo 26-02-11,Adorable dwarf hamster eating!,Adorable dwarf hamster eating!,Gloucester Township Police- Chief Earle Issues Id's and Challenge Coins to New Officers 5-23-2011,Gloucester Township Police- Chief Earle Issues Id's and Challenge Coins to New Officers 5-23-2011,Herdenking Februaristaking 1961,Herdenking Februaristaking 1961,DANGER! Alley Cat Racing in Downtown Charleston; SC Affordabike Bicycle Shop,DANGER! Alley Cat Racing in Downtown Charleston; SC Affordabike Bicycle Shop,Arabian Gun Twirler (1899),Arabian Gun Twirler (1899)
Seppe Air Show,Seppe Air Show,,,Palmpasenviering door kinderen Ons Huis (1935),Palmpasenviering door kinderen Ons Huis (1935),Charlie Chaplin imitation- The pickpocket,Charlie Chaplin imitation- The pickpocket,,,Little wheat!,Little wheat!,Gloucester Township Police- Camden County Police Academy Class 57 Graduation Highlights 5-23-2011,Gloucester Township Police- Camden County Police Academy Class 57 Graduation Highlights 5-23-2011,Februaristaking,Februaristaking,14e Annick van Hardeveld memorial Alleycat,14e Annick van Hardeveld memorial Alleycat,military rifle twirler 1893 -- really cool!,military rifle twirler 1893 -- really cool!
Halderberge tv: VSV Seppe airshow 25 augustus 2012,Halderberge tv: VSV Seppe airshow 25 augustus 2012,,,,,Group work charlie chaplin imitation,Group work charlie chaplin imitation,,,Monkey Snack,Monkey Snack,Class A inspection 4,Class A inspection 4,EN TOEN: Februari-staking 1941 en Arnhem,EN TOEN: Februari-staking 1941 en Arnhem,LX ALLEYCAT '13 - Bicycle Film Festival Lisboa,LX ALLEYCAT '13 - Bicycle Film Festival Lisboa,81 year old twirler,81 year old twirler
20120825 Seppe Airshow,20120825 Seppe Airshow,,,,,Tommy Chaplin (Charles Chaplin Imitation),Tommy Chaplin (Charles Chaplin Imitation),,,Dwarf Hamsters Eating,Dwarf Hamsters Eating,Yoga classes for overweight Nepal police officers,Yoga classes for overweight Nepal police officers,Veel belangstelling herdenking Februaristaking,Veel belangstelling herdenking Februaristaking,Alleycat in Amsterdam,Alleycat in Amsterdam,Ken Collier Pharmacy Youth,Ken Collier Pharmacy Youth
Seppe Airshow 2010,Seppe Airshow 2010,,,,,Jaeduk's Charlie Chaplin imitation,Jaeduk's Charlie Chaplin imitation,,,baby eating watermelon - Cute baby eats a melon - Funny Baby Video,baby eating watermelon - Cute baby eats a melon - Funny Baby Video,THP Class 713 Day One; Long,THP Class 713 Day One; Long,ABVAKABO-Herdenking februaristaking 25-2-2011,ABVAKABO-Herdenking februaristaking 25-2-2011,15th Annick van Hardeveld Memorial Alleycat,15th Annick van Hardeveld Memorial Alleycat,(1899) Edison Studio - 'Arabian gun twirler',(1899) Edison Studio - 'Arabian gun twirler'
Seppe Airshow 2010 HD,Seppe Airshow 2010 HD,,,,,Charlie Chaplin film,Charlie Chaplin film,,,Minecraft Mod Showcase: Episode 1 Monkeys,Minecraft Mod Showcase: Episode 1 Monkeys,172nd Recruit Class Graduation,172nd Recruit Class Graduation,Herdenking Februaristaking 2013  (1),Herdenking Februaristaking 2013  (1),DC x SE Bike 2010 Collabo Launch & Alleycat @HALFSLEEVE,DC x SE Bike 2010 Collabo Launch & Alleycat @HALFSLEEVE,Arabians can't shoot Guns,Arabians can't shoot Guns
VSV Seppe Air Show 2010,VSV Seppe Air Show 2010,,,,,Charlie Chaplin | Hitler Parody,Charlie Chaplin | Hitler Parody,,,2013 01 Marcus eats banana,2013 01 Marcus eats banana,SLCPD Recruit Class 128 Graduation Ceremony (Full length),SLCPD Recruit Class 128 Graduation Ceremony (Full length),Mien ten Dam-Pooters vertelt over de Februaristaking.,Mien ten Dam-Pooters vertelt over de Februaristaking.,Alley Cat Almere; 01-04-2012; by Legacy Bikes,Alley Cat Almere; 01-04-2012; by Legacy Bikes,funny sexy dancer 2 - Twirler!,funny sexy dancer 2 - Twirler!
VSV Seppe Airshow 2012,VSV Seppe Airshow 2012,,,,,Mo est Charlie Chaplin,Mo est Charlie Chaplin,,,Fat Orange Cat Loves Wheat thins!,Fat Orange Cat Loves Wheat thins!,LA Sheriff Class 387 Inspection,LA Sheriff Class 387 Inspection,Herdenking februaristaking,Herdenking februaristaking,Recycled Bicycles Fixed Gear Race,Recycled Bicycles Fixed Gear Race,(1901) Edison Studio - 'Aunt Sallies wonderful bustle',(1901) Edison Studio - 'Aunt Sallies wonderful bustle'
Om het jaar een Seppe Airshow,Om het jaar een Seppe Airshow,,,,,Ranbir Kapoor Tries to imitate Charlie Chaplin in 'Barfi',Ranbir Kapoor Tries to imitate Charlie Chaplin in 'Barfi',,,Feeding Baby Breastmilk,Feeding Baby Breastmilk,State Police Inspection,State Police Inspection,Februaristaking 2009,Februaristaking 2009,The Hague to Amsterdam,The Hague to Amsterdam,Uploading old videos of gun.,Uploading old videos of gun.
ewald polinder first airshow at seppe 25-08-2012 holland,ewald polinder first airshow at seppe 25-08-2012 holland,,,,,Sacha Baron Cohen 'Kills' Elderly Woman At Awards Show 2013,Sacha Baron Cohen 'Kills' Elderly Woman At Awards Show 2013,,,??????? ????????????_ Hand Expressing Tutorial,??????? ????????????_ Hand Expressing Tutorial,Richmond Police Department 103rd Basic Recruit Class!,Richmond Police Department 103rd Basic Recruit Class!,Amsterdam; Jonas Daniël Meijerplein; Het Weer 25-02-08; No.,Amsterdam; Jonas Daniël Meijerplein; Het Weer 25-02-08; No.,Central Park / Columbus Circle Balloon Race,Central Park / Columbus Circle Balloon Race,Naval Combat in Greece (1897) /Combat naval en Grèce,Naval Combat in Greece (1897) /Combat naval en Grèce
Seppe Airshow 27062009 Paradropping,Seppe Airshow 27062009 Paradropping,,,,,Incredible Charlie Chaplin Speech (Imitating Hitler),Incredible Charlie Chaplin Speech (Imitating Hitler),,,A monkey feeder,A monkey feeder,33rd Commencement Exercises of the Philippine National Police Academy (PNPA),33rd Commencement Exercises of the Philippine National Police Academy (PNPA),Zaandam monument Februaristaking uit de Zaan gevist,Zaandam monument Februaristaking uit de Zaan gevist,Cycling race in Amsterdam 2,Cycling race in Amsterdam 2,The Last Cartridges (1897) /"Les dernières cartouches",The Last Cartridges (1897) /"Les dernières cartouches"
Seppe Airshow 2009,Seppe Airshow 2009,,,,,ANTHONY NEWLEY " -  Are We Having Fun Yet ?" (from "Chaplin"),ANTHONY NEWLEY " -  Are We Having Fun Yet ?" (from "Chaplin"),,,Ankit Ustad Pigeons Eating Food,Ankit Ustad Pigeons Eating Food,POLICE INSPECTION ALONG BEACH ROAD,POLICE INSPECTION ALONG BEACH ROAD,Februari staking - De dag dat mijn vader huilde,Februari staking - De dag dat mijn vader huilde,Fixed Gear Amsterdam - Jan Zuiderveld x Jasper de Visser (GoPro HD Hero 3),Fixed Gear Amsterdam - Jan Zuiderveld x Jasper de Visser (GoPro HD Hero 3),Dervis ane Bu akil bu fikir ile,Dervis ane Bu akil bu fikir ile
Air Show Seppe 2012,Air Show Seppe 2012,,,,,Charly Chaplin Imitation " Auf den Hund gekommen ",Charly Chaplin Imitation " Auf den Hund gekommen ",,,Teresa harvesting rice.MOV,Teresa harvesting rice.MOV,LVMPD Academy,LVMPD Academy,ABVAKABO-Herdenking februaristaking 25-2-2011,ABVAKABO-Herdenking februaristaking 25-2-2011,10th annick van hardeveld memorial alleycat,10th annick van hardeveld memorial alleycat,The Last Cartridges (1897),The Last Cartridges (1897)
The Blades aerobatics at Seppe Airshow (HD),The Blades aerobatics at Seppe Airshow (HD),,,,,Charlie Imitation,Charlie Imitation,,,Grasshoppers Eating My Plants,Grasshoppers Eating My Plants,33rd Commencement Exercises of the Philippine National Police Academy (PNPA),33rd Commencement Exercises of the Philippine National Police Academy (PNPA),Jetty Mathurin leest gedicht van  Glynis Terborg voor bij herdenking van de  Februaristaking.MOV,Jetty Mathurin leest gedicht van  Glynis Terborg voor bij herdenking van de  Februaristaking.MOV,movingceckpoints amsterdam,movingceckpoints amsterdam,Waqas Shooting With .22 Riffle part 3/3,Waqas Shooting With .22 Riffle part 3/3
Looping Air Show Seppe 2012,Looping Air Show Seppe 2012,,,,,Charlie Imitation,Charlie Imitation,,,Howler Monkeys,Howler Monkeys,Rhode Island State Police Training Academy,Rhode Island State Police Training Academy,Te koop: Amsterdam; Jonas Daniel Meijerplein 17III&IV; 1011RE,Te koop: Amsterdam; Jonas Daniel Meijerplein 17III&IV; 1011RE,Seven Bridges Too Far,Seven Bridges Too Far,Crissie Sheridan (1897),Crissie Sheridan (1897)
Seppe Airshow 25 aug 2012.,Seppe Airshow 25 aug 2012.,,,,,Charlie Chaplin - Sunnyside,Charlie Chaplin - Sunnyside,,,Will Maisie Eat It #9: Banana,Will Maisie Eat It #9: Banana,Orange County Sheriff Academy Class 132 (1997),Orange County Sheriff Academy Class 132 (1997),Theatrale vertelling STAAKT,Theatrale vertelling STAAKT,Central Park By Balloons,Central Park By Balloons,Love and War 1899,Love and War 1899
The Blades display at Seppe Airshow,The Blades display at Seppe Airshow,,,,,Imitation Gumballs L&H Chaplin Marx Bros Claymation Super 8 Film,Imitation Gumballs L&H Chaplin Marx Bros Claymation Super 8 Film,,,SWEETCORN EATER DAT LOVES 2 B FILMED ND B PUT ON U TUBE LOL,SWEETCORN EATER DAT LOVES 2 B FILMED ND B PUT ON U TUBE LOL,Pre Trip Inspection Example Class A Truck Driving School,Pre Trip Inspection Example Class A Truck Driving School,Februaristakingherdenking.,Februaristakingherdenking.,VELOCITI RACE Alleycat,VELOCITI RACE Alleycat,Kawana Trio.Old Video.,Kawana Trio.Old Video.
VSV Seppe Airshow 2010 - Parachuting,VSV Seppe Airshow 2010 - Parachuting,,,,,Chaplin Movie Imitation,Chaplin Movie Imitation,,,Monkey see monkey do.,Monkey see monkey do.,32nd Commencement Exercises of the Philippine National Police Academy for "Masaligan" Class of 2011,32nd Commencement Exercises of the Philippine National Police Academy for "Masaligan" Class of 2011,Dag pap; tot morgen. Joodse kinderen gered uit de crèche,Dag pap; tot morgen. Joodse kinderen gered uit de crèche,bike ride in Amsterdam.MOV,bike ride in Amsterdam.MOV,1924   Mack Sennett   Aprendiz De Todo; Maestro De Nada The First 100 Years   Harry Langdon   Mack Sennet Spanish Titles,1924   Mack Sennett   Aprendiz De Todo; Maestro De Nada The First 100 Years   Harry Langdon   Mack Sennet Spanish Titles
Seppe Airshow 2010,Seppe Airshow 2010,,,,,Rick Miller doing the Chaplin on the golf course,Rick Miller doing the Chaplin on the golf course,,,Sexy Latina Booty *Best On Youtube* Latina Bigbooty,Sexy Latina Booty *Best On Youtube* Latina Bigbooty,X-Rays - In Surgery; Aircraft Construction; Brake Pads & Security: Parcel Inspection  1940s,X-Rays - In Surgery; Aircraft Construction; Brake Pads & Security: Parcel Inspection  1940s,Hollandsche schouwburg Amsterdam verzamelplaats Jodenvervolging tijdens de tweede wereldoorlog.,Hollandsche schouwburg Amsterdam verzamelplaats Jodenvervolging tijdens de tweede wereldoorlog.,Oxford cycling adventures from our bicycle city.,Oxford cycling adventures from our bicycle city.,1908 - Dreams of Toyland - Arthur Melbourne Cooper,1908 - Dreams of Toyland - Arthur Melbourne Cooper
Tiger Formation at VSV Seppe Airshow 2012,Tiger Formation at VSV Seppe Airshow 2012,,,,,The Blind Date - Charlie Chaplin Tribute,The Blind Date - Charlie Chaplin Tribute,,,It's time for some emu luvin yawl,It's time for some emu luvin yawl,HPD Graduates 165th Class,HPD Graduates 165th Class,Het oude RIOD - deel 2,Het oude RIOD - deel 2,Metropolitan Alleycat 08 Berlin,Metropolitan Alleycat 08 Berlin,San Francisco Street Performer Folsom Prison Blues in Union Square.,San Francisco Street Performer Folsom Prison Blues in Union Square.
VSV Seppe Airshow 2010 - Breitling Wingwalkers,VSV Seppe Airshow 2010 - Breitling Wingwalkers,,,,,SACHA BARON COHEN Did  he  Kill Award Presenter - Was This A Prank or Not?? (11/10/13),SACHA BARON COHEN Did  he  Kill Award Presenter - Was This A Prank or Not?? (11/10/13),,,Eating Bread - 001,Eating Bread - 001,Gloucester Township Police- GTPD K-9 Unit's Cpl. Kaelin on Fox News in NYC 5-7-2011,Gloucester Township Police- GTPD K-9 Unit's Cpl. Kaelin on Fox News in NYC 5-7-2011,februaristakingsmonument,februaristakingsmonument,AlleyCat Race - Bigga is Betta - Indianapolis; IN USA,AlleyCat Race - Bigga is Betta - Indianapolis; IN USA,Bout de Zan and the Shirker   Bout De Zan Et L'Embusqué Louis Feuillade 1916,Bout de Zan and the Shirker   Bout De Zan Et L'Embusqué Louis Feuillade 1916
AT Texan Take-off and landing @ Seppe Airshow 2012,AT Texan Take-off and landing @ Seppe Airshow 2012,,,,,Jon does an great Charlie Chaplin,Jon does an great Charlie Chaplin,,,Brad VS. Monkey,Brad VS. Monkey,pilotcar.tv - New York State Police D.O.T. inspection; Route 9 south of Po,pilotcar.tv - New York State Police D.O.T. inspection; Route 9 south of Po,Sanne Wallis de Vries presenteert de Johan Kaart prijs,Sanne Wallis de Vries presenteert de Johan Kaart prijs,Jan van Speijk Memorial Alleycat,Jan van Speijk Memorial Alleycat,388  Tenderloin at night 1899,388  Tenderloin at night 1899
